{
  "consumer": {
    "name": "GettingStartedOrderWeb"
  },
  "provider": {
    "name": "GettingStartedOrderApi"
  },
  "interactions": [
    {
      "description": "a request for orders",
      "providerState": "there are orders",
      "request": {
        "method": "GET",
        "path": "/orders"
      },
      "response": {
        "status": 200,
        "headers": {
          "Content-Type": "application/json; charset=utf-8"
        },
        "body": [
          {
            "id": 1,
            "items": [
              {
                "name": "burger",
                "quantity": 2,
                "value": 100
              }
            ]
          }
        ],
        "matchingRules": {
          "$.body": {
            "min": 1
          },
          "$.body[*].*": {
            "match": "type"
          },
          "$.body[*].items": {
            "min": 1
          },
          "$.body[*].items[*].*": {
            "match": "type"
          }
        }
      },
      "metadata": null
    }
  ],
  "metadata": {
    "pactSpecification": {
      "version": "2.0.0"
    }
  }
}